diffusion,s_lo,s_hi,s_num,sample_n,trans_pos,trans_rate,p_init
1,0.0,0.2,9,40,0.0419150952319445,-1542.0787628079397,0.3000000000002584
2,0.0,0.2,17,80,0.0790030718329309,-172.49647189847627,0.8221733611247494
3,0.0,0.2,17,80,0.1176905122167791,-191.48833535025005,0.8261487500534819
4,0.05,0.25,17,80,0.1511376495917939,-115.4126446768615,0.8727316365071491
5,0.1,0.3,17,80,0.1799619509109412,-110.49832618028626,0.9804817457312168
8,0.18,0.38,17,80,0.2487153656123427,-78.40941653103955,1.0149323667328218
10,0.25,0.45,17,80,0.2832823602248731,-77.7742173303074,0.9837650079106536
